heuristic,algorithm,n,solved,real_avg,h_avg,diff_std,diff_max,over_rate,cost_avg,subopt_avg,exp_avg,gen_avg,time_avg,h_frac
"classifier(temperature=1.0,threshold=0.2)",gbfs,1000,1000,45.324,44.05,1.6418342241589494,4.0,0.073,53.948,1.1866610816490688,60.65,199.106,0.07320200000000002,0.8619791808966971
"classifier(temperature=1.0,threshold=0.2)",idastar(w=1.0),1000,1000,45.324,44.05,1.6418342241589494,4.0,0.073,46.3,1.021212996931366,492.062,1103.657,0.3864735999999998,0.9710559789853707
"classifier(temperature=1.0,threshold=0.2)",wastar(w=1.0),1000,1000,45.324,44.05,1.6418342241589494,4.0,0.073,45.984,1.014133732199996,248.928,805.404,0.28626230000000014,0.8580773647106164
"classifier(temperature=1.0,threshold=0.2)",wastar(w=10.0),1000,1000,45.324,44.05,1.6418342241589494,4.0,0.073,51.352,1.130379156882468,61.488,201.608,0.07412449999999998,0.8621211610196376
"classifier(temperature=1.0,threshold=0.2)",wastar(w=2.0),1000,1000,45.324,44.05,1.6418342241589494,4.0,0.073,49.856,1.097538494470484,64.11,209.761,0.07613999999999997,0.8621985815602852
"classifier(temperature=1.0,threshold=0.2)",wastar(w=5.0),1000,1000,45.324,44.05,1.6418342241589494,4.0,0.073,51.266,1.1284980313513275,61.482,201.581,0.07436259999999996,0.8621027236809906
"classifier(temperature=1.0,threshold=0.3)",gbfs,1000,1000,45.324,44.56,1.6404252482191912,6.0,0.13,54.086,1.1885420492024907,61.141,200.725,0.06908399999999984,0.8578947368421065
"classifier(temperature=1.0,threshold=0.3)",idastar(w=1.0),1000,1000,45.324,44.56,1.6404252482191912,6.0,0.13,46.46,1.0246787322007063,388.548,873.775,0.29959690000000005,0.9709172558194021
"classifier(temperature=1.0,threshold=0.3)",wastar(w=1.0),1000,1000,45.324,44.56,1.6404252482191912,6.0,0.13,46.128,1.0173418660342881,205.032,664.617,0.2251498000000001,0.8539594527732197
"classifier(temperature=1.0,threshold=0.3)",wastar(w=10.0),1000,1000,45.324,44.56,1.6404252482191912,6.0,0.13,51.334,1.1291439270581305,61.608,202.056,0.06963599999999999,0.8579068298006782
"classifier(temperature=1.0,threshold=0.3)",wastar(w=2.0),1000,1000,45.324,44.56,1.6404252482191912,6.0,0.13,49.92,1.0988725987418362,64.046,209.837,0.07236219999999989,0.8577696642722309
"classifier(temperature=1.0,threshold=0.3)",wastar(w=5.0),1000,1000,45.324,44.56,1.6404252482191912,6.0,0.13,51.276,1.1278711997854032,61.586,201.988,0.06959079999999997,0.8579481770578875
"classifier(temperature=1.0,threshold=0.4)",gbfs,1000,1000,45.324,44.966,1.658489248257759,6.0,0.187,53.818,1.1835315610949326,60.646,198.99,0.06770999999999999,0.8595200118150916
"classifier(temperature=1.0,threshold=0.4)",idastar(w=1.0),1000,1000,45.324,44.966,1.658489248257759,6.0,0.187,46.642,1.0287644171508303,317.723,716.657,0.25078749999999994,0.9716118227583127
"classifier(temperature=1.0,threshold=0.4)",wastar(w=1.0),1000,1000,45.324,44.966,1.658489248257759,6.0,0.187,46.202,1.0189793476224975,180.272,585.588,0.195909,0.8555676359942629
"classifier(temperature=1.0,threshold=0.4)",wastar(w=10.0),1000,1000,45.324,44.966,1.658489248257759,6.0,0.187,50.992,1.1224934706326082,60.828,199.578,0.06791069999999995,0.8596038621307107
"classifier(temperature=1.0,threshold=0.4)",wastar(w=2.0),1000,1000,45.324,44.966,1.658489248257759,6.0,0.187,49.696,1.0940822985381355,63.3,207.482,0.07068499999999991,0.8593251750725072
"classifier(temperature=1.0,threshold=0.4)",wastar(w=5.0),1000,1000,45.324,44.966,1.658489248257759,6.0,0.187,50.97,1.1218894036469622,60.866,199.681,0.06797300000000009,0.8595030379709582
"classifier(temperature=1.0,threshold=0.5)",gbfs,1000,1000,45.324,45.27,1.6528205637079347,6.0,0.242,53.844,1.1834102625932266,60.318,197.908,0.05930629999999997,0.8275748107705263
"classifier(temperature=1.0,threshold=0.5)",idastar(w=1.0),1000,1000,45.324,45.27,1.6528205637079347,6.0,0.242,46.85,1.0334832564760301,276.742,625.258,0.1944624999999999,0.9651742623899207
"classifier(temperature=1.0,threshold=0.5)",wastar(w=1.0),1000,1000,45.324,45.27,1.6528205637079347,6.0,0.242,46.326,1.0218478781287117,162.818,529.847,0.15667800000000007,0.8239210354995594
"classifier(temperature=1.0,threshold=0.5)",wastar(w=10.0),1000,1000,45.324,45.27,1.6528205637079347,6.0,0.242,50.946,1.12148706242364,60.395,197.954,0.059390599999999995,0.8277303142248101
"classifier(temperature=1.0,threshold=0.5)",wastar(w=2.0),1000,1000,45.324,45.27,1.6528205637079347,6.0,0.242,49.768,1.0958785902342523,63.26,207.193,0.06223250000000003,0.827503314184712
"classifier(temperature=1.0,threshold=0.5)",wastar(w=5.0),1000,1000,45.324,45.27,1.6528205637079347,6.0,0.242,50.916,1.1208352897112266,60.479,198.213,0.05949119999999997,0.827633330643861
"classifier(temperature=1.5,threshold=0.2)",gbfs,1000,1000,45.324,43.67,1.6610367374152335,4.0,0.049,53.834,1.184313386285148,60.796,199.344,0.05888559999999998,0.8259472604507727
"classifier(temperature=1.5,threshold=0.2)",idastar(w=1.0),1000,1000,45.324,43.67,1.6610367374152335,4.0,0.049,46.172,1.018329691408299,617.466,1384.417,0.3708105,0.9625981464926147
"classifier(temperature=1.5,threshold=0.2)",wastar(w=1.0),1000,1000,45.324,43.67,1.6610367374152335,4.0,0.049,45.852,1.0112607591964826,284.849,920.905,0.2718099000000001,0.8221941143424133
"classifier(temperature=1.5,threshold=0.2)",wastar(w=10.0),1000,1000,45.324,43.67,1.6610367374152335,4.0,0.049,50.96,1.1216137441026783,60.883,199.434,0.058911200000000004,0.8259108624506036
"classifier(temperature=1.5,threshold=0.2)",wastar(w=2.0),1000,1000,45.324,43.67,1.6610367374152335,4.0,0.049,49.744,1.0951705655377943,64.161,209.867,0.062441900000000106,0.8263697933599049
"classifier(temperature=1.5,threshold=0.2)",wastar(w=5.0),1000,1000,45.324,43.67,1.6610367374152335,4.0,0.049,50.9,1.120293403091033,60.931,199.587,0.05912130000000005,0.8261404942042881
"classifier(temperature=1.5,threshold=0.3)",gbfs,1000,1000,45.324,44.288,1.6350465979223276,4.0,0.098,53.914,1.1854334994647098,60.715,199.268,0.059035000000000094,0.8257643770644517
"classifier(temperature=1.5,threshold=0.3)",idastar(w=1.0),1000,1000,45.324,44.288,1.6350465979223276,4.0,0.098,46.346,1.0221824376262634,451.316,1013.915,0.2844801000000002,0.963146807105312
"classifier(temperature=1.5,threshold=0.3)",wastar(w=1.0),1000,1000,45.324,44.288,1.6350465979223276,4.0,0.098,46.066,1.0159542145896352,224.528,727.749,0.21461080000000016,0.8222820100386363
"classifier(temperature=1.5,threshold=0.3)",wastar(w=10.0),1000,1000,45.324,44.288,1.6350465979223276,4.0,0.098,51.256,1.1274484283141952,61.166,200.362,0.059725199999999944,0.8263295895200018
"classifier(temperature=1.5,threshold=0.3)",wastar(w=2.0),1000,1000,45.324,44.288,1.6350465979223276,4.0,0.098,49.838,1.097007539565847,63.719,208.446,0.06243729999999994,0.8265780230727489
"classifier(temperature=1.5,threshold=0.3)",wastar(w=5.0),1000,1000,45.324,44.288,1.6350465979223276,4.0,0.098,51.234,1.126947346063113,61.211,200.508,0.059887399999999875,0.8265277838076136
"classifier(temperature=1.5,threshold=0.4)",gbfs,1000,1000,45.324,44.836,1.63601116516133,6.0,0.162,53.81,1.1826447361885417,60.377,198.245,0.0560713999999999,0.8255509939113358
"classifier(temperature=1.5,threshold=0.4)",idastar(w=1.0),1000,1000,45.324,44.836,1.63601116516133,6.0,0.162,46.546,1.0266372359877787,333.173,751.204,0.22178990000000004,0.9636124097625725
"classifier(temperature=1.5,threshold=0.4)",wastar(w=1.0),1000,1000,45.324,44.836,1.63601116516133,6.0,0.162,46.13,1.0174325141802933,188.302,611.271,0.1777061000000003,0.8211344461445037
"classifier(temperature=1.5,threshold=0.4)",wastar(w=10.0),1000,1000,45.324,44.836,1.63601116516133,6.0,0.162,51.036,1.1230796777677077,60.621,198.938,0.05891410000000001,0.8255069669230275
"classifier(temperature=1.5,threshold=0.4)",wastar(w=2.0),1000,1000,45.324,44.836,1.63601116516133,6.0,0.162,49.63,1.0924485487335134,62.864,206.046,0.06147829999999991,0.8254180743449305
"classifier(temperature=1.5,threshold=0.4)",wastar(w=5.0),1000,1000,45.324,44.836,1.63601116516133,6.0,0.162,50.988,1.1219860937201762,60.622,198.93,0.05920319999999995,0.8255229447056929
"classifier(temperature=1.5,threshold=0.5)",gbfs,1000,1000,45.324,45.226,1.6361763575706236,6.0,0.228,53.534,1.1769969243856973,59.881,196.397,0.04827679999999993,0.8259225963609867
"classifier(temperature=1.5,threshold=0.5)",idastar(w=1.0),1000,1000,45.324,45.226,1.6361763575706236,6.0,0.228,46.806,1.032551339390035,278.816,629.908,0.18399649999999995,0.9637797458103827
"classifier(temperature=1.5,threshold=0.5)",wastar(w=1.0),1000,1000,45.324,45.226,1.6361763575706236,6.0,0.228,46.286,1.0209625095180848,162.582,528.905,0.14617580000000008,0.8228673966552607
"classifier(temperature=1.5,threshold=0.5)",wastar(w=10.0),1000,1000,45.324,45.226,1.6361763575706236,6.0,0.228,50.906,1.1204697851952672,60.274,197.714,0.04914219999999989,0.8260924419338178
"classifier(temperature=1.5,threshold=0.5)",wastar(w=2.0),1000,1000,45.324,45.226,1.6361763575706236,6.0,0.228,49.836,1.097264211022684,62.993,206.369,0.05758450000000001,0.8261615538903704
"classifier(temperature=1.5,threshold=0.5)",wastar(w=5.0),1000,1000,45.324,45.226,1.6361763575706236,6.0,0.228,50.878,1.1198534481989304,60.275,197.722,0.052398899999999984,0.8262539862478034
"classifier(temperature=2.0,threshold=0.2)",gbfs,1000,1000,45.324,43.358,1.6460721592790375,4.0,0.033,54.162,1.1916447442888494,61.234,200.801,0.043783299999999935,0.8278772956812304
"classifier(temperature=2.0,threshold=0.2)",idastar(w=1.0),1000,1000,45.324,43.358,1.6460721592790375,4.0,0.033,46.046,1.0156035748534535,799.124,1789.725,0.39441320000000024,0.96109714380756
"classifier(temperature=2.0,threshold=0.2)",wastar(w=1.0),1000,1000,45.324,43.358,1.6460721592790375,4.0,0.033,45.752,1.0090775329365698,310.264,1001.013,0.24952419999999997,0.8237974513093324
"classifier(temperature=2.0,threshold=0.2)",wastar(w=10.0),1000,1000,45.324,43.358,1.6460721592790375,4.0,0.033,51.132,1.1254649970333643,61.36,201.111,0.043652399999999966,0.8277803740458717
"classifier(temperature=2.0,threshold=0.2)",wastar(w=2.0),1000,1000,45.324,43.358,1.6460721592790375,4.0,0.033,49.852,1.097763003933964,65.24,213.235,0.05207630000000001,0.8285266042326364
"classifier(temperature=2.0,threshold=0.2)",wastar(w=5.0),1000,1000,45.324,43.358,1.6460721592790375,4.0,0.033,51.084,1.1245074936595452,61.423,201.313,0.044033299999999984,0.8279120574656009
"classifier(temperature=2.0,threshold=0.3)",gbfs,1000,1000,45.324,44.052,1.6378945932808675,4.0,0.073,53.624,1.1795013797922957,60.276,197.877,0.048871599999999966,0.8291666325636988
"classifier(temperature=2.0,threshold=0.3)",idastar(w=1.0),1000,1000,45.324,44.052,1.6378945932808675,4.0,0.073,46.304,1.0213072151242943,515.364,1156.705,0.28579300000000024,0.961801723625141
"classifier(temperature=2.0,threshold=0.3)",wastar(w=1.0),1000,1000,45.324,44.052,1.6378945932808675,4.0,0.073,45.992,1.0144065066393035,239.015,774.063,0.2053577999999999,0.8240807020721891
"classifier(temperature=2.0,threshold=0.3)",wastar(w=10.0),1000,1000,45.324,44.052,1.6378945932808675,4.0,0.073,50.956,1.1218998749533589,60.515,198.545,0.04901380000000003,0.8293092965654559
"classifier(temperature=2.0,threshold=0.3)",wastar(w=2.0),1000,1000,45.324,44.052,1.6378945932808675,4.0,0.073,49.628,1.0929767791232434,62.983,206.193,0.05122329999999995,0.8285038254075779
"classifier(temperature=2.0,threshold=0.3)",wastar(w=5.0),1000,1000,45.324,44.052,1.6378945932808675,4.0,0.073,50.92,1.1211253558492744,60.557,198.658,0.04902489999999994,0.829239835267385
"classifier(temperature=2.0,threshold=0.4)",gbfs,1000,1000,45.324,44.68,1.6455916783856108,6.0,0.145,53.976,1.1864817878323344,60.558,198.871,0.04972810000000008,0.8279886020177705
"classifier(temperature=2.0,threshold=0.4)",idastar(w=1.0),1000,1000,45.324,44.68,1.6455916783856108,6.0,0.145,46.502,1.0257260241726425,371.406,836.744,0.2171376999999998,0.9631828098022592
"classifier(temperature=2.0,threshold=0.4)",wastar(w=1.0),1000,1000,45.324,44.68,1.6455916783856108,6.0,0.145,46.116,1.0171540785542221,194.231,630.343,0.1698244,0.8234252557347479
"classifier(temperature=2.0,threshold=0.4)",wastar(w=10.0),1000,1000,45.324,44.68,1.6455916783856108,6.0,0.145,51.346,1.12949076928506,61.091,200.592,0.050353399999999916,0.8279162876786883
"classifier(temperature=2.0,threshold=0.4)",wastar(w=2.0),1000,1000,45.324,44.68,1.6455916783856108,6.0,0.145,49.854,1.0973021627794755,63.384,207.894,0.05184689999999992,0.8277139038206734
"classifier(temperature=2.0,threshold=0.4)",wastar(w=5.0),1000,1000,45.324,44.68,1.6455916783856108,6.0,0.145,51.308,1.1285487130575347,61.101,200.608,0.05025119999999995,0.8279065972553901
"classifier(temperature=2.0,threshold=0.5)",gbfs,1000,1000,45.324,45.178,1.6325897676236212,6.0,0.221,53.438,1.1755817141591847,59.663,195.847,0.04545820000000004,0.8297204904725647
"classifier(temperature=2.0,threshold=0.5)",idastar(w=1.0),1000,1000,45.324,45.178,1.6325897676236212,6.0,0.221,46.75,1.0314052493490231,295.299,667.191,0.1650765999999998,0.9646988125512663
"classifier(temperature=2.0,threshold=0.5)",wastar(w=1.0),1000,1000,45.324,45.178,1.6325897676236212,6.0,0.221,46.22,1.0195907396222856,163.434,531.681,0.12897900000000007,0.8258235836841645
"classifier(temperature=2.0,threshold=0.5)",wastar(w=10.0),1000,1000,45.324,45.178,1.6325897676236212,6.0,0.221,50.89,1.1203350859834418,60.196,197.583,0.04840879999999996,0.829708648014411
"classifier(temperature=2.0,threshold=0.5)",wastar(w=2.0),1000,1000,45.324,45.178,1.6325897676236212,6.0,0.221,49.71,1.09489221385514,62.571,204.992,0.05036489999999997,0.8293772051567664
"classifier(temperature=2.0,threshold=0.5)",wastar(w=5.0),1000,1000,45.324,45.178,1.6325897676236212,6.0,0.221,50.838,1.1192566109077928,60.222,197.663,0.04861789999999999,0.8296018544610106
pdb,gbfs,1000,1000,45.324,38.738,2.6434053021796697,0.0,0,87.36,1.9236774686930724,202.265,647.081,0.05091550000000003,0.685152851292827
pdb,idastar(w=1.0),1000,1000,45.324,38.738,2.6434053021796697,0.0,0,45.324,1.0,18894.577,40409.175,1.8052373999999989,0.9127972863846069
pdb,wastar(w=1.0),1000,1000,45.324,38.738,2.6434053021796697,0.0,0,45.324,1.0,5766.601,17994.334,1.5326859999999989,0.6796172862543286
pdb,wastar(w=10.0),1000,1000,45.324,38.738,2.6434053021796697,0.0,0,70.008,1.5419763140638418,226.921,722.279,0.05692859999999998,0.6857835955916702
pdb,wastar(w=2.0),1000,1000,45.324,38.738,2.6434053021796697,0.0,0,54.932,1.2088175747896688,368.945,1173.838,0.0907883999999999,0.6777297540214395
pdb,wastar(w=5.0),1000,1000,45.324,38.738,2.6434053021796697,0.0,0,67.06,1.4772229391063951,258.895,822.955,0.06496000000000003,0.6833959359605902
regressor,gbfs,1000,1000,45.324,44.487,1.6015604877730956,5.0,0.203,69.82,1.5416543031052843,129.172,411.09,0.1829578999999998,0.8722110387143726
regressor,idastar(w=1.0),1000,1000,45.324,44.487,1.6015604877730956,5.0,0.203,47.238,1.0433423719479495,3372.267,7552.541,1.3708165,0.964548209041837
regressor,wastar(w=1.0),1000,1000,45.324,44.487,1.6015604877730956,5.0,0.203,47.106,1.0404362756020518,898.063,2877.226,1.233452700000001,0.8673499194577954
regressor,wastar(w=10.0),1000,1000,45.324,44.487,1.6015604877730956,5.0,0.203,60.58,1.3375934412949662,133.051,423.091,0.18821630000000014,0.8720950310892305
regressor,wastar(w=2.0),1000,1000,45.324,44.487,1.6015604877730956,5.0,0.203,54.354,1.19913734319015,144.716,459.471,0.19980360000000025,0.8695358842383208
regressor,wastar(w=5.0),1000,1000,45.324,44.487,1.6015604877730956,5.0,0.203,57.934,1.278795762472216,144.072,456.967,0.20169540000000002,0.8708750918464166
